Re,Ro
108.28343313373253,9.580838323353293
107.28542914171655,8.757485029940119
107.78443113772455,9.331337325349303
107.78443113772455,9.05688622754491
