Vmeasured,WLmeasured,Vconvert,Wlconvert,f calculated
2.18,4.19,0.0218,0.0419,0.519437157
2.19,4.20,0.0219,0.0420,0.52118039
2.17,4.56,0.0217,0.0456,0.475542882
2.17,4.46,0.0217,0.0446,0.48664422