Re,Ro
130.53892215568862,15.05389221556886
131.13772455089818,15.089820359281436
129.94011976047904,16.38323353293413
129.94011976047904,16.023952095808383
