Re,Ro
159.28143712574848,26.92007984031936
157.00598802395206,25.363672654690614
160.03992015968063,25.997764471057884
156.24750499001996,25.190738522954096
160.03992015968063,27.323592814371256
157.00598802395206,25.651896207584826
155.48902195608784,24.72958083832335
