Vmeasured,WLmeasured,Vconvert,Wlconvert,f calculated
2.10,4.67,0.0210,0.0467,0.448512096
2.07,4.40,0.0207,0.0440,0.46963839
2.11,4.51,0.0211,0.0451,0.468486462
2.06,4.37,0.0206,0.0437,0.470265325
2.11,4.74,0.0211,0.0474,0.445264712
2.07,4.45,0.0207,0.0445,0.465513368
2.05,4.29,0.0205,0.0429,0.476711691